Producto,P_Original,P_Oferta,P_dolares
Xiaomi Redmi Note 8 Dual SIM 64 GB Neptune blue 4 GB RAM,0.0,3798.0,189.9
Motorola G8 Plus 64 GB Cosmic blue 4 GB RAM,0.0,5794.0,289.7
Apple iPhone 7 32 GB Negro mate 2 GB RAM,5899.0,5309.0,265.45
Motorola One 64 GB Blanco 4 GB RAM,0.0,3798.0,189.9
Samsung Galaxy A70 Dual SIM 128 GB Negro 6 GB RAM,0.0,6999.0,349.95
Huawei P30 Lite Dual SIM 128 GB Midnight black 4 GB RAM,0.0,5059.0,252.95
Xiaomi Redmi 8A Dual SIM 32 GB Azul océano 2 GB RAM,0.0,2799.0,139.95
Blu Vivo X5 -desbloqueado Patalla De 5.7 Hd -64gb+3gb Ram,2499.0,1999.0,99.95
LG G6 32 GB Astro black 4 GB RAM,0.0,3199.0,159.95
Huawei Nova 5t Dual SIM 128 GB Crush blue 8 GB RAM,0.0,7999.0,399.95
Huawei Y9 Prime 2019 Dual SIM 128 GB Azul zafiro 4 GB RAM,0.0,4720.0,236.0
Xiaomi Redmi Note 8 Dual SIM 32 GB Negro espacial 3 GB RAM,3959.0,3389.0,169.45
Huawei P30 Pro Dual SIM 256 GB Black 8 GB RAM,0.0,15499.0,774.95
"Blu Studio Mini -5.5hd Telefono Desbloqueado, 32gb+2gb Ram",2199.0,1599.0,79.95
Apple iPhone 6 64 GB Oro,3599.0,3383.0,169.15
Xiaomi Mi 9T Dual SIM 64 GB Azul glaciar 6 GB RAM,0.0,5900.0,295.0
Xiaomi Redmi Note 8 Pro Dual SIM 64 GB Gris mineral 6 GB RAM,0.0,5389.0,269.45
LG V30+ 128 GB Aurora black 4 GB RAM,0.0,4590.0,229.5
Samsung Galaxy S8 64 GB Negro medianoche 4 GB RAM,11999.0,6990.0,349.5
"Blu S5 Hd -pantalla De 5.0 Con Memoria De 16gb, 4g Lte",1599.0,1299.0,64.95
LG V20 64 GB Titanio 4 GB RAM,0.0,3399.0,169.95
Huawei Y9 2019 Dual SIM 64 GB Azul zafiro 3 GB RAM,0.0,4240.0,212.0
Motorola E6 Plus Dual SIM 64 GB Polished graphite 4 GB RAM,0.0,3499.0,174.95
Xiaomi Redmi 7A (13 Mpx) Dual SIM 16 GB Morning blue 2 GB RAM,0.0,2199.0,109.95
Xiaomi Mi 9T Dual SIM 128 GB Negro carbón 6 GB RAM,0.0,6479.0,323.95
Samsung Galaxy S10+ Dual SIM 128 GB Plata prisma 8 GB RAM,0.0,15950.0,797.5
Motorola E6 Play 32 GB Steel black 2 GB RAM,0.0,2169.0,108.45
Huawei P30 Lite 128 GB Peacock blue 4 GB RAM,0.0,5190.0,259.5
Samsung Galaxy A20 32 GB Negro 3 GB RAM,0.0,3800.0,190.0
Samsung Galaxy A10s 32 GB Azul 2 GB RAM,0.0,2900.0,145.0
Apple iPhone 8 64 GB Gris espacial,0.0,7399.0,369.95
Motorola One Vision 128 GB Azul zafiro 4 GB RAM,0.0,5300.0,265.0
Samsung Galaxy A30s Dual SIM 64 GB Prism crush white 4 GB RAM,0.0,4570.0,228.5
Motorola One Vision Dual SIM 128 GB Azul zafiro 4 GB RAM,0.0,5399.0,269.95
Xiaomi Redmi 7A (13 Mpx) Dual SIM 32 GB Morning blue 2 GB RAM,0.0,2349.0,117.45
Xiaomi Mi Note 10 Dual SIM 128 GB Blanco glaciar 6 GB RAM,0.0,9389.0,469.45
LG G5 32 GB Plata 4 GB RAM,0.0,3499.0,174.95
Motorola G7 Plus Dual SIM 64 GB Índigo 4 GB RAM,0.0,4480.0,224.0
Samsung Galaxy A20s Dual SIM 32 GB Negro 3 GB RAM,0.0,3860.0,193.0
Motorola Z3 Play 64 GB Índigo oscuro 4 GB RAM,0.0,4845.0,242.25
Motorola G8 Play Dual SIM 32 GB Knight black 2 GB RAM,0.0,3799.0,189.95
Huawei Y7 2019 Dual SIM 32 GB Negro medianoche 3 GB RAM,0.0,3549.0,177.45
Motorola G7 Plus 64 GB Índigo 4 GB RAM,0.0,4259.0,212.95
Motorola E5 Play (Go Edition) 16 GB Negro 1 GB RAM,0.0,1969.0,98.45
Motorola One One Action Dual SIM 128 GB Denim blue 4 GB RAM,0.0,5220.0,261.0
Samsung Galaxy M20 32 GB Negro carbón 3 GB RAM,0.0,3669.0,183.45
Huawei Y9 Prime 2019 128 GB Azul zafiro 4 GB RAM,0.0,4999.0,249.95
Motorola G6 Play 16 GB Índigo oscuro,0.0,2499.0,124.95
HTC 10 Evo 32 GB Plata 3 GB RAM,0.0,2699.0,134.95
Motorola G7 Play 32 GB Oro fino 2 GB RAM,0.0,2750.0,137.5
Samsung Galaxy A20s 32 GB Negro 3 GB RAM,0.0,3485.0,174.25
Motorola G7 Power 32 GB Marine blue 3 GB RAM,0.0,3299.0,164.95
Xiaomi Mi A2 Lite Dual SIM 64 GB Dorado 4 GB RAM,0.0,3629.0,181.45
Motorola G7 Power 32 GB Marine blue 3 GB RAM,0.0,3299.0,164.95
Motorola G6 Play 16 GB Índigo oscuro,0.0,2499.0,124.95
Motorola One One Dual SIM 64 GB Negro 4 GB RAM,0.0,3499.0,174.95
Samsung Galaxy A20s Dual SIM 32 GB Negro 3 GB RAM,0.0,3860.0,193.0
Apple iPhone X 64 GB Plata,0.0,13800.0,690.0
Apple iPhone 11 Dual SIM 64 GB Negro 4 GB RAM,0.0,18399.0,919.95
Motorola G6 Play 32 GB Índigo oscuro,0.0,2839.0,141.95
Celular Uso Rudo Bt 2.8 Pulgadas Mp3 Mp4 Boombox P103gr Full,0.0,625.0,31.25
Blu Vivo Xl4 - Pantalla De 6.2 Con 32gb De Memoria 3gb Ram,0.0,3499.0,174.95
Apple iPhone XR Dual SIM 64 GB Negro,0.0,12599.0,629.95
Huawei Y9 2019 64 GB Azul zafiro 3 GB RAM,0.0,4249.0,212.45
Xiaomi Mi A2 Lite Dual SIM 64 GB Dorado 4 GB RAM,0.0,3629.0,181.45
Xiaomi Mi A3 Dual SIM 64 GB Grisáceo 4 GB RAM,0.0,4399.0,219.95
Motorola G7 Play 32 GB Oro fino 2 GB RAM,0.0,2750.0,137.5
Apple iPhone X 256 GB Gris espacial,0.0,14999.0,749.95
Samsung Galaxy S9+ 64 GB Negro medianoche 6 GB RAM,0.0,11499.0,574.95
Samsung Galaxy S10+ 128 GB Azul prisma,0.0,17499.0,874.95
Motorola One Zoom 128 GB Gris eléctrico 4 GB RAM,0.0,8680.0,434.0
Celular Blackberry 9100 Pearl 3g Wifi Bbm Liberado,0.0,1100.0,55.0
Celular Azumi A55 Quadcore1.2 Ghz (2 Gb + 8 Gb) + Envio Gratis,0.0,1499.0,74.95
Samsung Galaxy J4 Core 16 GB Negro 1 GB RAM,0.0,2690.0,134.5
Apple iPhone 6s 32 GB Gris espacial,0.0,4799.0,239.95
Xiaomi Redmi Go Dual SIM 16 GB Negro 1 GB RAM,0.0,1920.0,96.0
Samsung Galaxy A70 128 GB Azul 6 GB RAM,0.0,7298.0,364.9
Motorola E5 16 GB Gris flash 2 GB RAM,0.0,2460.0,123.0
Motorola E5 Plus 32 GB Negro 3 GB RAM,4199.0,2989.0,149.45
Huawei Y7 2019 32 GB Azul aurora 3 GB RAM,0.0,3330.0,166.5
Apple iPhone 8 Plus 64 GB Gris espacial,0.0,10700.0,535.0
Xiaomi Redmi Note 8 32gb+3ram Versión Global Cámara 48 Mpx,3959.0,3319.0,165.95
"Telefono Celular Basico Ipro A8 Mini, Camara Radio Am Fm",0.0,349.0,17.45
Celular Fiesta Básico Envío Gratis Y Con Chip,0.0,399.0,19.95
Samsung Galaxy M30 64gb+4ram Triple Camara Garantia Samsung 100% Nacional Uso En Mexico,0.0,5690.0,284.5
Xiaomi Redmi Note 8 64 Gb + 4 Ram Versión Global Sellado Msi,0.0,4399.0,219.95
Samsung Galaxy A70 128gb+6ram Triple Camara 32mpx Meses,0.0,7399.0,369.95
Celular Huawei P30 Lite 128gb 4gb Ram 4g Lte Dual Sim,0.0,5999.0,299.95
Xiaomi Redmi Note 8 64 Gb + 4 Ram Versión Global Sellado,4399.0,3799.0,189.95
Celular Motorola Moto G8 Plus 64gb 4gb Desbloqueado 4000 Mah,0.0,6499.0,324.95
Samsung Galaxy M20 32gb + 3ram Nuevo 1 Año Garantia Samsung Mexico,0.0,3999.0,199.95
Blu Vivo X5 -desbloqueado Patalla De 5.7 Hd -64gb+3gb Ram,2499.0,1999.0,99.95
Huawei P30 Lite 128gb 4gb Ram Dual Sim Triple Camara 24+8+2mpx,0.0,5949.0,297.45
Huawei Y9 Prime 2019 128gb Dual 4gb Ram Camara Pup Up 16mpx,0.0,4999.0,249.95
Huawei Nova 5t 128gb Dual Sim 8gb Ram Con 5 Camaras 48mpx,0.0,8999.0,449.95
Samsung Galaxy S10+ Plus 128gb+8ram Exynos Nuevo Sellado Msi,0.0,15879.0,793.95
Apple iPhone 7 Libre De Fabrica 4g Lte,0.0,4979.0,248.95
Celular Samsung Galaxy Note 10+ Plus 256 Gb +12 Ram Sensor De Profundidad Msi,0.0,20199.0,1009.95
Xiaomi Redmi Note 8 64gb Dual Sim 4gb Ram 4 Camaras 48+8mpx,0.0,4199.0,209.95
Huawei P30 Pro 256gb + 8gb 4 Camaras Nuevo Sellado Libre Msi,0.0,15499.0,774.95
Celular Moto One Motorola 3gb 32gb Android8.1 Octa Blanco,5199.0,3399.0,169.95
Samsung Galaxy A51 128gb+6ram 4 Cámaras Nuevo,6799.0,6099.0,304.95
Xiaomi Redmi Note 8 Pro Versión Global 64 Gb + 6 Ram Msi,0.0,5780.0,289.0
Celular Apple iPhone 6 16gb Lightning Reacondiconado Demo,2799.0,2399.0,119.95
Celular Apple iPhone 7 32gb Lightning Reacondiconado 4g Lte Desbloqueado,0.0,3999.0,199.95
Xiaomi Redmi Note 8 64 Gb + 4 Ram Versión Global Sellado Msi,0.0,4048.0,202.4
Xiaomi Redmi Note 8 64 Gb + 4 Ram Versión Global Sellado Msi,0.0,4099.0,204.95
Celular iPhone 7 32gb Original + Funda + Audifonos Msi,0.0,5438.0,271.9
Samsung Galaxy M30 64 GB Azul 4 GB RAM,0.0,0.0,
Celular Xiaomi Redmi 8a Versión Global 32gb + 2 Ram Msi,0.0,2799.0,139.95
Xiaomi Redmi Airdots Envío Inmediato Llega En Un Dia,0.0,515.0,25.75
Celular Xiaomi Mi 9t 64+6 Ram Triple Cám: 48+8+13 Mpx,0.0,6399.0,319.95
Xiaomi Redmi Note 8 Pro Versión Global 64 Gb + 6 Ram Cámara,0.0,5420.0,271.0
Samsung Galaxy A70 (a705) 128+6ram Triple Camara 32mpx,0.0,6999.0,349.95
Xiaomi Mi 9t 64+6 Ram Triple Cámara: 48+8+13 Mpx Msi,0.0,6850.0,342.5
Samsung Galaxy S10+ Plus 128gb+8ram Exynos Nuevo Sellado,0.0,15699.0,784.95
Celular Uso Rudo Bt 2.8 Pulgadas Mp3 Mp4 Boombox P103gr Full,0.0,625.0,31.25
Celular Apple iPhone 6 64gb + Funda Original + Audifonos,0.0,3299.0,164.95
Celular Asus Zenfone 3 4gb Ram 128gb Octa Core Dual Sim,3589.0,3199.0,159.95
Celular Apple iPhone 7 128 Gb + Funda + Audifonos,0.0,6285.0,314.25
Samsung Galaxy S8 64gb Original Garantía Msi Full,0.0,5850.0,292.5
Celular Huawei Y9 2019 64gb Ram 3gb 6.5 Cámara Dual Huella,0.0,4889.0,244.45
Blu Vivo Xl4 - Pantalla De 6.2 Con 32gb De Memoria 3gb Ram,0.0,3499.0,174.95
Xiaomi Mi 9t 128+6 Ram Triple Cámara: 48+8+13 Mpx,0.0,6689.0,334.45
Huawei P30 Lite 128+4gb Diseño 3d Camaras 48+8+2 Mp Nacional,0.0,5999.0,299.95
Xiaomi Mi Note 10 128gb + 6ram 5 Camaras 108.6 Mpx Msi,0.0,10950.0,547.5
Celular Motorola Moto One Vision 4gb 128gb+ Regalo Audifonos,9999.0,8999.0,449.95
Xiaomi Redmi Note 8 64gb Dual Sim 4gb Ram 4 Camaras 48+8mpx,0.0,4299.0,214.95
Celular Blackberry 9100 Pearl 3g Wifi Bbm Liberado,0.0,1100.0,55.0
Celular Apple iPhone 6 64gb Lightning Reacondiconado Demo,3599.0,2859.0,142.95
Celular Original iPhone 6s 64gb + Audifonos + Funda,4799.0,4319.0,215.95
Celular Lg G6 32gb 4gb Ram 4g Lte Demo,3499.0,2699.0,134.95
Samsung Galaxy A51 128gb+6ram 4 Cámaras Nuevo Msi,0.0,6370.0,318.5
Celular Motorola Moto G5s 3gb Ram 64gb Octa Core Android 8.0,4199.0,2599.0,129.95
Motorola Moto E6 Plus 32+2gb Cámaradual Sensor De Huella Msi,0.0,2870.0,143.5
Xiaomi Redmi Note 8 Pro 64gb Dual Sim 64mpx Global Sellado,0.0,5899.0,294.95
Celular Motorola Moto One 4gb 64gb Desbloqueado Usb C Notch,4999.0,3799.0,189.95
"Telefono Celular Rural Fijo 3g, Conector Para Antena Yagi",0.0,895.0,44.75
Motorola Moto E6 Plus 64 Gb+ 4 Gb Ram Doble Cámara,0.0,3020.0,151.0
Samsung Galaxy S10+ Plus 128gb 8gb Ram Dual Sim Triple Camara 16+12+12mpx,0.0,15799.0,789.95
Celular Apple iPhone 6s 16gb Lightning Demo Desbloqueado,3599.0,2699.0,134.95
Celular Samsung Galaxy S8 Plus 64gb 4 Ram 4g Lte Demo,9899.0,5999.0,299.95
Huawei Y9 Prime 128gb 4gb Ram Dual Sim Original Sellado Desbloqueado,0.0,4999.0,249.95
Samsung Galaxy A10s Sensor De Huella 32gb+2ram Cámara Dual,0.0,2999.0,149.95
Motorola Moto E6 Plus 64 Gb+ 4 Gb Ram Doble Cámara Msi,0.0,3080.0,154.0
Celular Moto One Motorola 3gb 32gb Android8.1 Octa Negro,5199.0,3399.0,169.95
Huawei Nova 5t 128gb 8gb Ram Cinco Cámaras Purpura,0.0,8199.0,409.95
Lg V30 + Plus 128gb Libre De Fabrica 4gb Ram Msi,0.0,4449.0,222.45
Motorola Moto G8 Play 32gb+2ram Triple Cámara Msi,0.0,3580.0,179.0
Celular Samsung Galaxy Note 10+ Plus 256gb 12gb + Stylus + Buds Nuevo Nacional Garantia Samsung,0.0,24499.0,1224.95
Xiaomi Redmi Note 8 4g+64g +funda Version Global Sellado,0.0,4099.0,204.95
Xiaomi Redmi Note 8 Pro 64gb Dual Sim 6gb Ram Camara 64mpx,0.0,5999.0,299.95
Celular Nokia C1 01 Telcel,0.0,370.0,18.5
Huawei P30 Lite 128+4 Gb. Triple Cámara 48+8+2 Mpx. Sellado,0.0,5499.0,274.95
Samsung Galaxy Note 10+ Plus 256gb Dual Sim 12gb Ram Msi,0.0,19999.0,999.95
Samsung Galaxy Note 10 256gb+8ram Triple Cámara Meses,0.0,17499.0,874.95
Motorola Moto E6 Plus 64gb Dual Sim 4gb Ram Doble Camara 13m,0.0,3199.0,159.95
Celular Apple iPhone 6s 16gb + Audifonos Originales+ Cristal,3999.0,3799.0,189.95
Celular Motorola Moto One Action Blanco 4-128gb + Audifonos,7499.0,5999.0,299.95
Samsung Galaxy S10 128gb+8ram G973f Nuevo Dualsim,0.0,13999.0,699.95
Huawei P30 Lite 4 Gb Ram +128 Gb Negro,7499.0,5499.0,274.95
Celular Motorola Moto One Zoom 4gb 128 Gb 4cam Desbloqueado,10999.0,9999.0,499.95
Huawei Y9 2019 64gb+3ram Dualsim Nuevo 6.5pg,0.0,4470.0,223.5
Celular Sony Ericsson T303a,0.0,470.0,23.5
Android 8.1 Camara 13+5mp 2 Ram Dual Celulares Baratos Max22,0.0,1749.0,87.45
Xiaomi Mi Note 10 Pro 256gb 8ram Liberado Msi,0.0,12799.0,639.95
Celular Motorola One Action 128 Gb Triple Cámara Dual Sim,0.0,4999.0,249.95
Celular Lg K20 Plus 32gb 13mp 4g Desbloqueado Huella Demo,0.0,2499.0,124.95
Blackview Bv5500 16gb 2gb Ram Ip68 Doble Sim Uso Rudo T1624,0.0,2457.0,122.85
Celular Azumi A55 Quadcore1.2 Ghz (2 Gb + 8 Gb) + Envio Gratis,0.0,1499.0,74.95
Celular Samsung Galaxy A6 32gb 3gb Ram Liberado 4g Demo,0.0,2699.0,134.95
Celular Apple iPhone 6s 16gb Lightning Demo Desbloqueado,3599.0,2699.0,134.95
Celular Motorola Moto E6 Play 2gb 32gb Desbloqueado,2699.0,2499.0,124.95
Celulares Baratos Naomi Phone Ambar 5.0 Android 8.1,0.0,1299.0,64.95
Celular Apple iPhone 8 64gb Libre De Fabrica Msi Full,0.0,7549.0,377.45
"Telefono Celular Basico Ipro A8 Mini, Camara Radio Am Fm",0.0,349.0,17.45
Celular Uso Rudo Bt 2.8 Pulgadas Mp3 Mp4 Boombox P103gr Full,0.0,625.0,31.25
Celular Lg G7 Thinq 64gb 4gb Ram Ip68 Demo,0.0,5699.0,284.95
Apple iPhone 8 Plus Libres De Fabrica,0.0,9879.0,493.95
Celular Samsung Galaxy A71 128gb 6ram 4 Cámaras Liberado,0.0,8319.0,415.95
Celular Ctc S10 5x Active Barato 6.6 Full Screen Rom 16 Gb,0.0,1999.0,99.95
Celular Adulto Mayor Cellacom Boton Sos.emergencia M236,0.0,575.0,28.75
Celular Alcatel 1e 4 4034g 8gb Camara 5mp Liberado,1899.0,879.0,43.95
Motorola Moto One Macro 64gb+4ram Cámara Triple Msi,0.0,4150.0,207.5
Xiaomi Redmi Note 8 Pro 64gb Dual Sim 64mpx Global Sellado,0.0,5899.0,294.95
Nokia 7.1 - 64gb + 4gb 5.8'- Liberado - Dual Sim Android One,0.0,5799.0,289.95
Moto E6 Play 2g+32g +huella +libre +sellado+garantia,0.0,2399.0,119.95
Celular Lg G8 Thinq 128gb 6gb Ram Oled 4g Ip68 Demo,0.0,6499.0,324.95
Stencil Reballing Con 55 Medidas Universal Para Celulares,0.0,199.0,9.95
Celular Realme Xt 128gb 8gb Ram Dual Sim Version Global,0.0,6599.0,329.95
Celular Lanix X520 Nuevo,0.0,1499.0,74.95
Celular Huawei P9 Lite 16gb 2gb Ram 4g Lte Nuevo,0.0,2999.0,149.95
Apple iPhone 7 Plus 32gb Libres De Fabrica,0.0,7249.0,362.45
Celular Motorola Moto G7 Power 4gb 64gb Desbloqueado 5000mah Turbo Charge,5599.0,4099.0,204.95
Android 8.1 Camara 13+5mp 2 Ram Dual Celulares Baratos Max23,0.0,1499.0,74.95
Celular Samsung Galaxy A51 128gb 4gb Ram Dual Sim Global,0.0,6699.0,334.95
Samsung Galaxy S8 64gb Pantalla Fantasma Original Msi Full,5999.0,4799.0,239.95
Apple iPhone 7 128gb Desbloqueado Original,0.0,4949.0,247.45
Oneplus 7t Pro 256gb Dual Sim 8gb Ram Triple Camara 48mpx,0.0,17499.0,874.95
Apple iPhone 7 Plus Libres De Fabrica,0.0,7979.0,398.95
Huawei Honor 20 128gb 6gb Ram Dual Sim 4 Camaras 48+16+2+2mp,0.0,8999.0,449.95
Umidigi A5 Pro Version Global 4gb Ram 32gb Rom,0.0,2949.0,147.45
Celular Samsung Galaxy A20s 32gb 3gb Ram Dual Sim Global,0.0,3799.0,189.95
Samsung Galaxy A51 128 Gb Y 4 Gb De Ram,0.0,6649.0,332.45
Xiaomi Redmi K20 Pro 512gb 12gb Ram Exclusive Edition,0.0,13749.0,687.45
Celular Huawei Y5 1gb 16gb Quad Core Android 8 Mp 5 Mp Nuevo,0.0,1998.0,99.9
Xiaomi Mi 9t 64+6 Ram Triple Cámara: 48+8+13 Mpx Msi,0.0,6850.0,342.5
Android 8.1 Camara 13+5mp 2 Ram Dual Celulares Baratos Max20,0.0,1899.0,94.95
Celular Ctc Note M30 S Metal Barato 6.5 Full Screen De 16 Gb,0.0,1899.0,94.95
S9 Plus Samsung Galaxy 64gb Smartphone Original Msi Full,0.0,9799.0,489.95
Celulares Contra Agua NaomiPhone Buzzo Ip68 Certificacion,0.0,899.0,44.95
Celular Smartphone Xiaomi Redmi 7a 2gb 32gb Android Open Box,2899.0,2289.0,114.45
Xiaomi Note 8 32 Gb 3 Gb Ram,0.0,3425.0,171.25
Celular Solone Wind Breeze W 1450 Hd 5'' 16gb+2gb 4g Lte,0.0,1299.0,64.95
Motorola Moto G6 Play 16gb Lector De Huella + Mica Cristal,0.0,2750.0,137.5
"Blu S5 Hd -pantalla De 5.0 Con Memoria De 16gb, 4g Lte",1599.0,1299.0,64.95
Celular Motorola One Action 128 Gb Triple Cámara Dual Sim,0.0,4999.0,249.95
Xiaomi Mi Note 10 128gb Dual Sim 6gb Ram 5 Camaras 108mpx,0.0,10999.0,549.95
Huawei Honor 20 128gb 6gb Ram Dual Sim 4 Camaras 48+16+2+2mp,0.0,8999.0,449.95
Celular Motorola Moto G7 Plus 4gb 64gb Desbloqueado,0.0,5999.0,299.95
Celular Apple iPhone X 256 Gb Desbloqueado Envio Gratis,0.0,14699.0,734.95
S9 Samsung Galaxy Smartphone 64gb Lte Garantia Libre Msi,8299.0,7635.0,381.75
Celular Uso Rudo Bt 2.8 Pulgadas Mp3 Mp4 Boombox P103gr Full,0.0,625.0,31.25
Blu Vivo Xl4 - Pantalla De 6.2 Con 32gb De Memoria 3gb Ram,0.0,3499.0,174.95
Huawei P30 Pro 256 + 8gb Ram,0.0,22449.0,1122.45
Celular Samsung Galaxy A71 128gb 6ram 4 Cámaras Liberado,0.0,8199.0,409.95
Smartphone Tech Pad S6 Lector De Huellas/doble Cam Wifi 3g,0.0,1276.0,63.8
Motorola Moto G6 Play 16gb Lector De Huella + Mica Cristal,0.0,2750.0,137.5
Celular Motorola One Macro 64gb 4gb Desbloqueado 4000 Mha,5499.0,4999.0,249.95
Motorola Moto G7 Plus 64gb+4gb Ram 100% Nuevo Desbloqueado,0.0,4280.0,214.0
Moto Z3 Play Xt1929-6 64gb 4gb Ram Nuevo Desbloqueado,0.0,4899.0,244.95
Celular Motorola Moto One Action 128gb 4gb,7999.0,5999.0,299.95
Celular Motorola Moto One Hyper 128gb+4gb Camara Dual,0.0,8999.0,449.95
Celular Blackberry 9100 Pearl 3g Wifi Bbm Liberado,0.0,1100.0,55.0
Celular Azumi A55 Quadcore1.2 Ghz (2 Gb + 8 Gb) + Envio Gratis,0.0,1499.0,74.95
Apple iPhone 8 Plus Libres De Fabrica,0.0,9879.0,493.95
Xiaomi Redmi Note 7 Pro 128gb 6gb Ram Dual Sim Cámara 48mpx,0.0,5499.0,274.95
Huawei Y9 Prime 2019 128gb Dual 4gb Ram Camara 16mpx Dualsim,0.0,5499.0,274.95
Huawei Nova 5t 128gb Dual Sim 8gb Ram Cam 48mpx Libre Msi,0.0,8999.0,449.95
Celular Apple iPhone 7 128 Gb - Red Rojo Edicion Especial,6999.0,5739.0,286.95
Celular Original iPhone 8 Plus 64gb + Funda + Audifonos,11483.0,10450.0,522.5
Celular Coolmex Xs Android 7.1 2gb Ram 16gb Interno,0.0,1300.0,65.0
Celular iPhone 8 64gb Reacondicionado Por Apple,9874.0,6999.0,349.95
Celular iPhone X 256 Gb Reacondicionado Por Apple 12 Mpx,18749.0,14299.0,714.95
"Telefono Celular Basico Ipro A8 Mini, Camara Radio Am Fm",0.0,349.0,17.45
Celular Fiesta Básico Envío Gratis Y Con Chip,0.0,399.0,19.95
Celular Xiaomi Redmi 8a Versión Global 32gb + 2 Ram,0.0,2689.0,134.45
Xiaomi Redmi K20 Pro 512gb 12gb Ram Exclusive Edition,0.0,13749.0,687.45
Samsung Galaxy S8 64gb Pantalla Fantasma Original Msi Full,5999.0,4799.0,239.95
Motorola G7 Play Se Edición Especial 4 Ram + 64 Int Dorado,0.0,3495.0,174.75
Galaxy A30s 64 Gb+4gb Ram Triple Cámara 25 Mpx,0.0,4699.0,234.95
Motorola One Vision 128gb 4gb Ram Dual Sim Original Sellado,0.0,5779.0,288.95
Celular Motorola Moto G8 Plus 64gb 4ra Nuevo Liberado Oferta,0.0,5697.0,284.85
Samsung Galaxy S9+ Plus 64gb 6gb Ram 1-sim Camara Dual 4glte,0.0,10999.0,549.95
Motorola Moto One Macro 64gb+4ram Cámara Triple,0.0,3830.0,191.5
Samsung Galaxy A70 128gb 6gb Ram Dual Sim Triple Camara 32+8+5mpx,0.0,7449.0,372.45
Apple iPhone 7 Plus 32gb Libres De Fabrica,0.0,7249.0,362.45
Celular Motorola Moto G8 Plus 64gb 4gb Desbloqueado 4000 Mah,0.0,6349.0,317.45
Celular Ctc Note 10 X Active Barato 6.3 Full Screen De 16 Gb,0.0,1899.0,94.95
Apple iPhone 6s Libre De Fabrica 4g Lte,0.0,3479.0,173.95
Celular Lg Gs155a Nuevo,0.0,295.0,14.75
Xiaomi Redmi 8 32gb Dual Sim Version Global Caja Sellada,0.0,3099.0,154.95
Huawei Y9 Prime 2019 128gb+4 Ram Cámara Pop Up Sellado Msi,0.0,4970.0,248.5
Celular Samsung Galaxy A20s 3gb 32gb Android Triple Camara,0.0,4299.0,214.95
Motorola G7 Plus Rojo 64 Gb,0.0,4620.0,231.0
Samsung Galaxy S10 Plus 128gb 8gb Ram Original Libre Sellado,0.0,15789.0,789.45
S9 Plus Samsung Galaxy 64gb Smartphone Original Msi Full,0.0,9799.0,489.95
Huawei P30 Pro 256gb + Funda 8gb Ram Dual Sim Original Libre,0.0,15479.0,773.95
Huawei P30 128gb + 6gb Ram,0.0,15949.0,797.45
Celular Htc 10 Evo 3gb 32gb Android Metalico Resistente Agua,5330.0,2599.0,129.95
Celular iPhone Xs 64gb Original Demo + Audifonos + Funda,15948.0,14194.0,709.7
Celular Lg G7 Thinq 64gb 4gb Ram Liberado Garantia Lte,0.0,5040.0,252.0
Samsung Galaxy A70 128gb Dual Original Sellado Liberado,0.0,7389.0,369.45
Galaxy S10e 128 Gb 6 Ram Snapdragon 855 Nuevo 100% + Funda,0.0,11999.0,599.95
Xiaomi Mi Note 10 128gb + 6ram 5 Camaras 108.6 Mpx Msi,0.0,10950.0,547.5
Xiaomi Mi 9t 128+6 Ram Triple Cámara: 48+8+13 Mpx,0.0,6689.0,334.45
Celular Samsung S8 64gb 4gb Ram Demo,5999.0,5099.0,254.95
Celular Apple iPhone 7 32gb Demo 4g Lte,5299.0,4299.0,214.95
Celular Lanix L620 Ilium Android 7.0 Remate Cel Envio Gratis,0.0,1480.0,74.0
Celular Motorola Moto G8 Play 2gb 32gb Triple Camara,5999.0,3849.0,192.45
Lg Q60 64 Gb 3 Gb Ram Triple Camara 16+5+2 Mpx Nuevo Sellado,0.0,4550.0,227.5
Samsung Galaxy Note 8 64gb Liberado Punto Pantalla Full,7699.0,6544.0,327.2
Huawei P30 Pro | 256 Gb | 8 Ram | Sellados,0.0,14999.0,749.95
Huawei Nova 5t 128 Gb 8gb Ram 5 Camaras 48+16+2+2 Mpx Nuevo,0.0,8399.0,419.95
Huawei P30 Lite 128gb Nuevo Negro,0.0,5499.0,274.95
Celular One Plus 6t A6013 128gb 8gb Ram Liberado 4g Demo,0.0,7999.0,399.95
Android 8.1 Camara 13+5mp 2 Ram Dual Celulares Baratos Max22,0.0,1749.0,87.45
Celular Motorola Motokey Wifi,0.0,360.0,18.0
Apple iPhone 7 128gb Desbloqueado Original,0.0,4949.0,247.45
Huawei P30 Lite Morado 128gb,0.0,5989.0,299.45
Blu Vivo X5 -desbloqueado Patalla De 5.7 Hd -64gb+3gb Ram,0.0,2499.0,124.95
Celular Samsung Galaxy S10 128gb Azul Exhibicion,0.0,11999.0,599.95
Xiaomi Mi A2 Lite 64+4gb Global 12+5+5mp Dual Sim 4g,0.0,3649.0,182.45
Celular Samsung Galaxy A6 32gb 3gb Ram Liberado 4g Demo,0.0,2699.0,134.95
Celular Apple iPhone 8 64gb Liberado 4g Demo Grado A,9999.0,7499.0,374.95
Xiaomi Mi 9t 128+6 Ram Triple Cámara: 48+8+13 Mpx Nuevo Msi,0.0,7199.0,359.95
Celular Motorola Moto G8 Play 32gb Ram 2gb + Microsd 32gb,4599.0,3449.0,172.45
Blackview Bv5500 16gb 2gb Ram Ip68 Doble Sim Uso Rudo T1624,0.0,2457.0,122.85
Samsung Galaxy A51 128gb+6ram 4 Cámaras Nuevo Msi,0.0,6370.0,318.5
Celular Ctc S10 5x Active Barato 6.6 Full Screen Rom 16 Gb,0.0,1999.0,99.95
Celular Samsung Galaxy A51 128gb 4gb Ram Dual Sim Global,0.0,6699.0,334.95
Motorola G6 Play 32+3gb Dual Sim Liberado + Funda + Sd 32gb,0.0,3399.0,169.95
Teléfono Celular Mini Bm70,0.0,549.0,27.45
Huawei P30 Lite 128gb 6gb Ram Dual Sim Nuevo Original Libre,0.0,5999.0,299.95
Red Magic 3s *256gb/12gb* Liberado Garantía* Envio Inmediato,15969.0,15011.0,750.55
Celular Lava A3 Mini 16gb + 2gb Lector De Huella 4g Lte,0.0,1399.0,69.95
Samsung Galaxy A71 128gb Dual Sim 6gb Ram 4 Camaras 64mp Msi,0.0,8319.0,415.95
Celular Smartphone Pz 2 6.11 Pulgadas 2gb X 16gb Android 7.0,0.0,1350.0,67.5
Xiaomi Mi Note 10 Global 128gb 6gb Ram 5 Camaras 108 Mpx,10598.0,9962.0,498.1
Lg Q6 Prime,0.0,2350.0,117.5
Celular Apple iPhone 6s 16gb Liberado Demo,4499.0,2699.0,134.95
Celular Lg G8 Thinq 128gb 6gb Ram Oled 4g Ip68 Demo,0.0,6499.0,324.95
Huawei P30 Pro 256 Gb 8 Gb Ram Nuevo Libre Meses Sin Interes,0.0,15333.0,766.65
Huawei Nova 5t | 128 Gb | 8 Ram | Sellados,0.0,8150.0,407.5
Celular Huawei Y6 2019 2gb 32gb Quad Core Android 9.0 Nuevo,4899.0,3399.0,169.95
Celular Boombox F102 2.4 Dual Sim Uso Rudo Retro Nuevo,0.0,499.0,24.95
iPhone Xr 64 Gb Azul.,0.0,11647.0,582.35
Nueva Versión Global Xiaomi Mi 9t (redmi K20) 128gb,0.0,6649.0,332.45
Oneplus 7t 128/8gb Liberado Dualsim Garantía Envío Inmediato,0.0,12399.0,619.95
Xiaomi Note 8 32 Gb 3 Gb Ram,0.0,3425.0,171.25
Motorola Moto G8 Play 32gb Dual Sim Triple Camara 13mpx,0.0,3899.0,194.95
Samsung Galaxy M30 64gb+4ram Triple Camara Garantia,0.0,5799.0,289.95
Samsung M20 Negro 32 Gb,0.0,3998.0,199.9
Apple iPhone X 64gb 3gb Desbloqueado Original,0.0,11499.0,574.95
Celular Samsung Galaxy A20s 3gb 32gb Lcd 6.5 Hd+ 3 Camaras,5949.0,4299.0,214.95
Celular Apple iPhone 6 Plus 16gb Lightning Reacondiconado,0.0,3599.0,179.95
Celular Realme Xt 128gb 8gb Ram Dual Sim Version Global,0.0,6599.0,329.95
Celulares Motorola Moto E2 8gb 1gb Ram Quadcore Android,0.0,1200.0,60.0
Celular Alcatel Pulsemix 4g Lte 16 Gb+ Power Bank,0.0,1728.0,86.4
Huawei Y9s 128gb 6ram Triple Cámara Liberado Msi,0.0,6799.0,339.95
Samsung Galaxy J7 Pro 2017 Sm-j730g 16gb 3gb Ram 4g Nuevo,0.0,3999.0,199.95
Blu Vivo X5 -desbloqueado Patalla De 5.7 Hd -64gb+3gb Ram,2499.0,1999.0,99.95
"Blu Studio Mini -5.5hd Telefono Desbloqueado, 32gb+2gb Ram",2199.0,1599.0,79.95
Celular Lg K4(optimus) Liberado 1.5gb Ram 8gb Cam 5m/2 M,0.0,1445.0,72.25
Umidigi A5 Pro Version Global 4gb Ram 32gb Rom,0.0,2949.0,147.45
Celular Alcatel 3x 2019 Negro 64 Memoria Interna 4gb Ram,0.0,2990.0,149.5
Celular Original iPhone X 64 Gb Desbloqueado,0.0,13999.0,699.95
Samsung Galaxy S10 Plus 128gb 8gb Ram Snapdragon Nvo Sellado,16899.0,16054.0,802.7
Celular Aiwa Aw 509,0.0,949.0,47.45
Samsung Galaxy A10s 32gb Dual Sim 2gb Ram Doble Camara 13mpx,0.0,3299.0,164.95
Celular Samsung Galaxy S10 Lite 128gb 6ram 3cámaras Liberado,0.0,11699.0,584.95
Celular Xiaomi Redmi 7a 2gb 32gb Android 9 - Dual - Global,0.0,2399.0,119.95
"Blu S5 Hd -pantalla De 5.0 Con Memoria De 16gb, 4g Lte",1599.0,1299.0,64.95
"Blu Vivo Xl5 - Desbloqueado Pantalla 6.3 Hd, 64gb +3gb Ram",3499.0,2799.0,139.95
Huawei P30 128gb 6gb Ram Dual Sim Triple Camara 40+8+16mpx,0.0,12999.0,649.95
Huawei P30 Lite 128gb | 4gb Nuevo Sellado Libre Msi,0.0,5259.0,262.95
Celular Samsung Galaxy A10s 2gb 32gb Octa Core Android,5999.0,3499.0,174.95
iPhone 7 128gb Negro,0.0,6423.0,321.15
Teléfono Alcatel 1050a Liberado (nuevo),0.0,212.0,10.6
Celular Samsung Galaxy J7 2018 16gb 2gb Ram 4g Lte,0.0,2999.0,149.95
Xiaomi Haylou Gt2,0.0,575.0,28.75
Celular Motorola Moto E6s 4gb 64gb Android 9.0 Dual Sim,4009.0,2899.0,144.95
Apple iPhone X 256gb Libre De Fabrica 4g Lte,0.0,12979.0,648.95
Celular Uso Rudo Bt 2.8 Pulgadas Mp3 Mp4 Boombox P103bk Full,0.0,644.0,32.2
Celular Uso Rudo Bt 2.8 Pulgadas Mp3 Mp4 Boombox P103gr Full,0.0,625.0,31.25
iPhone 7 32gb Apple Liberado De Fabrica Envió Msi Full,0.0,4999.0,249.95
Celular Apple iPhone 5c 8gb Reacondicionado Desbloqueado,0.0,2110.0,105.5
Motorola Moto One Hyper | 128 Gb | 4 Ram | Sellados,0.0,7550.0,377.5
Celular Lenovo Phablet 3gb 32gb Android 6.0 Mt8783 Pb2-670y,4999.0,3599.0,179.95
Celular Huawei Y5 1gb 16gb Quad Core Android 8 Mp 5 Mp Nuevo,0.0,1998.0,99.9
Samsung Galaxy A20s 32gb 3gb Ram Triple Camara 13mp,0.0,3999.0,199.95
Samsung Galaxy S10 Dual Sim 128gb 8gb Ram Libre De Fábrica,0.0,13999.0,699.95
Samsung Galaxy S10 Plus Dual Sim 128gb 8gb Meses Sin Interés,0.0,16399.0,819.95
Celular Samsung Galaxy Note 10 256gb Blanco Exhibición,0.0,15499.0,774.95
Xiaomi Redmi Note 8 4g+64g +funda Version Global Sellado,0.0,4099.0,204.95
Huawei P30 Lite 128+4 Gb. Triple Cámara 48+8+2 Mpx. Sellado,0.0,5499.0,274.95
Apple iPhone 6s Plus 16gb Liberado Fabrica Msi Full,5899.0,4955.0,247.75
Celular iPhone 8 Plus 64gb Reacondicionado Por Apple,12124.0,8299.0,414.95
Android 8.1 Camara 13+5mp 2 Ram Dual Celulares Baratos Max20,0.0,1899.0,94.95
Celular Apple iPhone 6 64gb 4g Lte,0.0,5899.0,294.95
Celular Huawei Mate 20 Pro 128gb 6gb Ram 4g Lte Dual Sim,0.0,17805.0,890.25
Celular Samsung Galaxy A20s 32gb 3gb Ram Dual Sim Global,0.0,3799.0,189.95
Honor 20 128 Gb + 6 Gb De Ram Sensor De Profundidad Msi,0.0,7780.0,389.0
Celular Motorola Moto G8 Play 32gb 2gb Desbloqueado 4000 Mah,4499.0,3999.0,199.95
Celular Samsung Galaxy A20s 3gb 32gb 3 Camaras Lcd 6.5 Hd+,5949.0,3999.0,199.95
Samsung Galaxy A51 128 Gb Y 4 Gb De Ram,0.0,6649.0,332.45
Moto One 32gb,0.0,3285.0,164.25
Motorola Moto One Hyper 128gb Dual Sim 4gb Ram Doble Camara,0.0,7999.0,399.95
"Alcatel 1066 , Celular Básico , Mayoreo , Telcel , Económico",0.0,250.0,12.5
Motorola Moto G7 Play Dual 5.7 (xt1952-2)32 Gb+ 2gb De Ram,0.0,2870.0,143.5
Samsung M20 Negro 32 Gb,0.0,3998.0,199.9
Apple iPhone X 64gb 3gb Desbloqueado Original,0.0,11499.0,574.95
Samsung Galaxy M30 64gb+4ram Triple Camara Garantia,0.0,5799.0,289.95
Celular Apple iPhone 6 Plus 16gb Lightning Reacondiconado,0.0,3599.0,179.95
Celular Realme Xt 128gb 8gb Ram Dual Sim Version Global,0.0,6599.0,329.95
Celulares Motorola Moto E2 8gb 1gb Ram Quadcore Android,0.0,1200.0,60.0
Celular Alcatel Pulsemix 4g Lte 16 Gb+ Power Bank,0.0,1728.0,86.4
"Blu Vivo Xl5 - Desbloqueado Pantalla 6.3 Hd, 64gb +3gb Ram",3499.0,2799.0,139.95
Celular Samsung Galaxy A20s 3gb 32gb Lcd 6.5 Hd+ 3 Camaras,5949.0,4299.0,214.95
Huawei Y9s 128gb 6ram Triple Cámara Liberado Msi,0.0,6799.0,339.95
Umidigi A5 Pro Version Global 4gb Ram 32gb Rom,0.0,2949.0,147.45
Samsung Galaxy S10 Plus 128gb 8gb Ram Snapdragon Nvo Sellado,16899.0,16054.0,802.7
Celular Aiwa Aw 509,0.0,949.0,47.45
Telefono Samsung J3 2018 (j337v) 16 Gb (solo Equipo),0.0,2000.0,100.0
Samsung Galaxy J7 Pro 2017 Sm-j730g 16gb 3gb Ram 4g Nuevo,0.0,3999.0,199.95
Samsung Galaxy A10s 32gb Dual Sim 2gb Ram Doble Camara 13mpx,0.0,3299.0,164.95
Celular Lg K4(optimus) Liberado 1.5gb Ram 8gb Cam 5m/2 M,0.0,1445.0,72.25
Celular Sony Ericsson T303a,0.0,470.0,23.5
Celular Original iPhone X 64 Gb Desbloqueado,0.0,13999.0,699.95
Celular Uso Rudo Bt 2.8 Pulgadas Mp3 Mp4 Boombox P103bk Full,0.0,644.0,32.2
Celular Samsung Galaxy S10 Lite 128gb 6ram 3cámaras Liberado,0.0,11699.0,584.95
Huawei P30 128gb 6gb Ram Dual Sim Triple Camara 40+8+16mpx,0.0,12999.0,649.95
Huawei P30 Lite 128gb | 4gb Nuevo Sellado Libre Msi,0.0,5259.0,262.95
Celular Samsung Galaxy A10s 2gb 32gb Octa Core Android,5999.0,3499.0,174.95
iPhone 7 128gb Negro,0.0,6423.0,321.15
Celular Xiaomi Redmi 7a 2gb 32gb Android 9 - Dual - Global,0.0,2399.0,119.95
Celular Samsung Galaxy J7 2018 16gb 2gb Ram 4g Lte,0.0,2999.0,149.95
Xiaomi Haylou Gt2,0.0,575.0,28.75
Motorola Moto E5 Plus 4g+64g Pantalla 6 Dual Sim 2019,3413.0,3072.0,153.6
Apple iPhone X 256gb Libre De Fabrica 4g Lte,0.0,12979.0,648.95
Teléfono Alcatel 1050a Liberado (nuevo),0.0,212.0,10.6
Moto Z3 Play Xt1929-6 64gb 4gb Ram Nuevo Liberado,0.0,4989.0,249.45
Celular Motorola Moto E6s 4gb 64gb Android 9.0 Dual Sim,4009.0,2899.0,144.95
iPhone 7 32gb Apple Liberado De Fabrica Envió Msi Full,0.0,4999.0,249.95
Celular Apple iPhone 5c 8gb Reacondicionado Desbloqueado,0.0,2110.0,105.5
Motorola Moto One Hyper | 128 Gb | 4 Ram | Sellados,0.0,7550.0,377.5
Celular Lenovo Phablet 3gb 32gb Android 6.0 Mt8783 Pb2-670y,4999.0,3599.0,179.95
Celular Huawei Y5 1gb 16gb Quad Core Android 8 Mp 5 Mp Nuevo,0.0,1998.0,99.9
Motorola Moto G8 Plus 64gb+4ram Cámara Triple Msi,0.0,5399.0,269.95
Samsung Galaxy A20s 32gb 3gb Ram Triple Camara 13mp,0.0,3999.0,199.95
Samsung Galaxy S10 Dual Sim 128gb 8gb Ram Libre De Fábrica,0.0,13999.0,699.95
Samsung Galaxy S10 Plus Dual Sim 128gb 8gb Meses Sin Interés,0.0,16399.0,819.95
Celular Samsung Galaxy Note 10 256gb Blanco Exhibición,0.0,15499.0,774.95
Moto E6 Play 32gb+2ram Sensor De Huella Nuevo,0.0,2389.0,119.45
Celular Hyundai H65 Quad Core 2gb 16gb 5.5 13mpx Huella,1999.0,1599.0,79.95
Apple iPhone 6s Plus 16gb Liberado Fabrica Msi Full,5899.0,4955.0,247.75
Samsung Galaxy S10 Plus 128gb Snapdragon 1-sim Triple Cámara,0.0,15899.0,794.95
Celular iPhone 8 Plus 64gb Reacondicionado Por Apple,12124.0,8299.0,414.95
Android 8.1 Camara 13+5mp 2 Ram Dual Celulares Baratos Max20,0.0,1899.0,94.95
Celular Apple iPhone 6 64gb 4g Lte,0.0,5899.0,294.95
Celular Huawei Mate 20 Pro 128gb 6gb Ram 4g Lte Dual Sim,0.0,17805.0,890.25
Celular Samsung Galaxy A20s 32gb 3gb Ram Dual Sim Global,0.0,3799.0,189.95
Celular Motorola Moto G8 Play 32gb 2gb Desbloqueado 4000 Mah,4499.0,3999.0,199.95
Samsung Galaxy A51 128 Gb Y 4 Gb De Ram,0.0,6649.0,332.45
Honor 20 128 Gb + 6 Gb De Ram Sensor De Profundidad Msi,0.0,7780.0,389.0
Moto One 32gb,0.0,3285.0,164.25
Motorola Moto One Hyper 128gb Dual Sim 4gb Ram Doble Camara,0.0,7999.0,399.95
Celular Lanix X520 Nuevo,0.0,1499.0,74.95
Celular Samsung Galaxy A20s 3gb 32gb 3 Camaras Lcd 6.5 Hd+,5949.0,3999.0,199.95
"Alcatel 1066 , Celular Básico , Mayoreo , Telcel , Económico",0.0,250.0,12.5
Celular Uso Rudo Bt 2.8 Pulgadas Mp3 Mp4 Boombox P103gr Full,0.0,625.0,31.25
Motorola Moto E5 Play 16gb+1ram Dualsim Huella Digital Nuevo,0.0,1920.0,96.0
Celular Hyundai Eternity G50 Camara Dual 8gb Android 8.1,1219.0,1109.0,55.45
Motorola Moto G7 Play Dual 5.7 (xt1952-2)32 Gb+ 2gb De Ram,0.0,2870.0,143.5
Huawei Y9 2019 Azul 64gb,0.0,4449.0,222.45
Telefono Samsung J3 2018 (j337v) 16 Gb (solo Equipo),0.0,2000.0,100.0
Blu Vivo Xl4 - Pantalla De 6.2 Con 32gb De Memoria 3gb Ram,0.0,3499.0,174.95
Motorola Moto One Zoom 128 Gb 4 Gb Ram Desbloqueado Nuevo,0.0,8444.0,422.2
Alcatel Verso Libre De Fabrica At&t Telcel Movistar,0.0,1350.0,67.5
Samsung Galaxy S9 64gb Libre De Fabrica 4g Lte,0.0,7479.0,373.95
Celular Samsung Galaxy A20s 3gb 32gb 3 Camaras Lcd 6.5,5949.0,3999.0,199.95
Celular Smartphone Xiaomi Mi Max 3 4 Gb 64gb Negro Rom Global,0.0,5699.0,284.95
Celular Blackberry 9100 Pearl 3g Wifi Bbm Liberado,0.0,1100.0,55.0
Moto G8 Play 2+ 32 Triple Camara 13mpx,0.0,3999.0,199.95
Celular Ctc Note A50 S Plus Barato 6.5 Full Screen De 16 Gb,0.0,1799.0,89.95
Celular Aiwa M561 Cámara 8mp Hd 16gb Ram 1gb 4g Pantal 5 Hd,0.0,1199.0,59.95
Samsung A307 Galaxy A30s 4g 64gb Violeta,0.0,5449.0,272.45
Celular Samsung Galaxy S10 Lite 128gb 6ram 3 Cámaras Msi,0.0,12799.0,639.95
Celular Apple iPhone 7 Plus 32gb Liberado De Fabrica Msi,0.0,7949.0,397.45
Huawei Y9s 128gb 6ram Triple Cámara Liberado,0.0,6499.0,324.95
Alcatel 3x 5058a Android 7 13+5 Y 8mpx 16 Gb 2 Ram Sensor Huella 5.7 Pulgadas Celulares Baratos,0.0,2699.0,134.95
Celular Alcatel 1e 4 4034g 8gb Camara 5mp Liberado,1899.0,879.0,43.95
Blackberry Keyone Plata 32gb ( 1 Sim ) 2 Regalos (fedorimx),0.0,5999.0,299.95
Motorola Moto G8 Play 32gb+2ram Triple Cámara,0.0,3399.0,169.95
Celular Moto E4 Plus Azul 16gb Libre Fabrica + Micro 32gb,3379.0,2699.0,134.95
Celular Samsung Galaxy Note 10 Lite 128gb Triple Cámara Msi,0.0,12250.0,612.5
Apple iPhone 7 Plus 32gb Desbloqueado Original,0.0,6399.0,319.95
Celular Ctc A9 + Pop Colors Barato 6.5 Full Screen De 16 Gb,0.0,1899.0,94.95
Samsung Galaxy Note 10 Lite 128gb Dual Sim Triple Cámara,0.0,12299.0,614.95
Huawei P30 Lite 128gb 4ram 3 Camaras 20 Mpx Liberado Nuevo,5477.0,5094.0,254.7
Samsung Galaxy A30s 4g 64gb Negro,0.0,5449.0,272.45
Asus Rog Phone 2 512gb 12gb Liberado Dual Garantía 18-12 Msi,0.0,23999.0,1199.95
Celular iPhone Xs Max 64gb Original + Funda + Audifonos,17999.0,16199.0,809.95
Celular Huawei Y7 2019 3gb + 32gb,4799.0,3999.0,199.95
Samsung Galaxy Note 9 Dual Sim 128gb 6 Ram Libre De Fábrica,0.0,13699.0,684.95
Celular Motorola Moto G7 Power 3gb 32gb Dual Sim,0.0,3349.0,167.45
Celular Samsung Galaxy A71 128gb 6ram 4 Cámaras Liberado,0.0,8319.0,415.95
Celular Zte Blade V10 Vita,0.0,2300.0,115.0
Android 8.1 Camara 13+5mp 2 Ram Celulares Baratos W&o Max 28,0.0,1899.0,94.95
Celular Motorola Moto G8 Play 32gb Ram 2gb + Microsd 32gb,4499.0,3795.0,189.75
Samsung Galaxy A40 64gb 4gb Ram Dual Sim Doble Camara 16+5mpx,0.0,5299.0,264.95
Celular Aiwa Aw790 32gb,0.0,1979.0,98.95
Xiaomi Redmi Note 7 128gb 4gb Ram Dual Sim Doble Camara 48+5mpx,0.0,5499.0,274.95
Xiaomi Mi Note 10 Pro 256gb 8ram Liberado,0.0,11399.0,569.95
Samsung A50 64gb+4gb Ram Nuevos Originales Con Garantia,0.0,6949.0,347.45
Celular Samsung Galaxy A30s 4gb 64gb Octa Core Triple Camara,7999.0,5499.0,274.95
iPhone Xr 128gb Retina 6.1 Pulg Dual Sim Ios 13 Apple,17499.0,11999.0,599.95
Google Pixel 3 Xl 64gb Libre De Fabrica Libre De Fabrica Msi,0.0,11999.0,599.95
Lg K50s 2020 32 Gb 3 Ram 3 Camaras 13+5+2 Mpx Nuevo Sellado,0.0,4199.0,209.95
Samsung Galaxy A50 Dual Sim 128 Gb+ Mica + Funda,0.0,6199.0,309.95
Samsung Galaxy M10 16gb 2gb Ram Dual Sim Doble Camara 16+5mpx,0.0,2999.0,149.95
Huawei Nova 5t 128gb + 8 Ram Cinco Cámaras Libre,0.0,7999.0,399.95
Moto E5 Plus 3gb 32gb Nuevo 100%sellado + Funda Y Mica Grats,0.0,3199.0,159.95
"Telefono Celular Basico Ipro A8 Mini, Camara Radio Am Fm",0.0,349.0,17.45
Celular Original iPhone 8 Plus 64gb + Funda + Audifonos,11483.0,10450.0,522.5
Motorola Moto G6 Play 16 Gb 2 Gb Ram + Mica,0.0,2000.0,100.0
Samsug Galaxy A30s 4ram 64gb Dual Sim + Funda Y Mica Gratis,0.0,4997.0,249.85
Celular Alcatel Idol 5s 32gb 3gb Ram 4g Lte Demo,0.0,2699.0,134.95
Oneplus 7t Pro One Plus 7 T Pro*256/8 Gb Envio Inmediato,0.0,17999.0,899.95
Telefono Samsung J3 2018 (j337v) 16 Gb (solo Equipo),0.0,2000.0,100.0
Celulares Contra Agua NaomiPhone Buzzo Ip68 Certificacion,0.0,899.0,44.95
Celulares Xiaomi Mi 8 Pro 64gb 6gb Ram Doble Sim 4g /e,8997.0,7499.0,374.95
iPhone Xs 64 Gb Retina Oled 5.8 Pulg Ios 12 Lte Apple,19374.0,12599.0,629.95
Celular Motorola Moto One Hyper + Regalo Audifonos Pulse 2,0.0,8999.0,449.95
Celular Xiaomi Redmi 8a Versión Global 32gb + 2 Ram,0.0,2689.0,134.45
Celular Fiesta Básico Envío Gratis Y Con Chip,0.0,399.0,19.95
Celular Alcatel Idol 4 16gb 4g + Lentes Vr + Audifonos Jbl,0.0,2999.0,149.95
Samsung Galaxy S7 32gb 4g Gold En Caja + Wireless,0.0,3990.0,199.5
Google Pixel 2 Xl 64gb Libre De Fabrica Garantia Envio Full,0.0,6999.0,349.95
Celular Smartphone Xiaomi Mi Max 3 Pro 6 Gb 128 Gb Rom Globa,0.0,6799.0,339.95
Celular Boombox S101 Uso Rudo Rojo,499.0,419.0,20.95
Samsung Galaxy A51 128gb Dual Sim Nuevo 4 Camaras Msi,6799.0,6459.0,322.95
Samsung Galaxy A10s 32gb 13mpx Dual Sim,0.0,2979.0,148.95
Celular Zte V Smart 2050 128gb + 4 Gb Nuevo Liberado,0.0,4699.0,234.95
Celular iPhone 7 32gb Original + Funda + Audifonos Msi,0.0,5438.0,271.9
Celular Neffos X9 Hd+ 3gb 32gb Quad Core 13mpx Android 8.1,4699.0,2599.0,129.95
Huawei Y9 Prime 2019 Dual Sim 128gb 4gb Ram Cámara Pop-up,0.0,5399.0,269.95
iPhone 11 Pro Max | 64 Gb | Sellados,0.0,26999.0,1349.95
Nokia 2.2 Oferta Navideña,0.0,2260.0,113.0
Motorola Moto One Action 128gb+4ram Dual Sim Caja Sellada,0.0,4999.0,249.95
Moto E5 Plus Pantalla 6 Pulgadas Dual Sim 3gb 32gb Funda,0.0,2999.0,149.95
Micro Mini Telefono Celular Bm70 El Mas Pequeño Envio Gratis,0.0,569.0,28.45
Telefono Rural 3g Wcdma Conector Tnc+ Antena Yagi,0.0,1565.0,78.25
Celular Samsung Galaxy A20s 3gb 32gb Android Triple Camara,0.0,4299.0,214.95
Samsung Galaxy A10s,0.0,2900.0,145.0
Celular Apple iPhone 6 64gb + Funda Original + Audifonos,0.0,3299.0,164.95
Huawei P20 Lite,0.0,4100.0,205.0
Zte Blade V9 Vita 2gb Ram 16gb Cámara Dual 13+2mp Huella,0.0,1999.0,99.95
Samsung Galaxy S10 Dual Sim 128gb 8gb Ram Meses Sin Interés,0.0,14799.0,739.95
Huawei P30 128gb + 6gb Ram,0.0,15949.0,797.45
Celular Lg Stylus 3 Pantalla 5.7 ! Quadcore! Huellas! Rosa,0.0,2999.0,149.95
Celular Motorola One Visión 128gb Color Azul Ultramar,0.0,5500.0,275.0
Celular Motorola Moto E3 Power 16gb Dual Sim Sellado + Micro,2200.0,1449.0,72.45
Celular Samsung Galaxy A50 64gb 4gb Ram Dual Sim,6599.0,5599.0,279.95
Huawei Y5 2018 Lte 5pg 8+5mpx Flash 16+1ram Nuevo Libre,0.0,1999.0,99.95
Xiaomi Mi 9t 128gb 6gb Global Dual Sim Audífonos Xiaomi,0.0,6999.0,349.95
Samsung Galaxy Note 9 Dual Sim 512gb 8gb Ram Msi,0.0,15499.0,774.95
Celular Ulefone Armor X3 Uso Rudo 5000mah 2/32gb Android 9,0.0,2899.0,144.95
Oneplus 7t 128/8gb* Liberado Garantía Envio Inmediato 12 Msi,13599.0,12919.0,645.95
